tipe,id,isi
post,1,sunt aut facere repellat provident occaecati excepturi optio reprehenderit
post,2,qui est esse
post,3,ea molestias quasi exercitationem repellat qui ipsa sit aut
post,4,eum et est occaecati
post,5,nesciunt quas odio
post,6,dolorem eum magni eos aperiam quia
post,7,magnam facilis autem
post,8,dolorem dolore est ipsam
post,9,nesciunt iure omnis dolorem tempora et accusantium
post,10,optio molestias id quia eum
post,11,et ea vero quia laudantium autem
post,12,in quibusdam tempore odit est dolorem
post,13,dolorum ut in voluptas mollitia et saepe quo animi
post,14,voluptatem eligendi optio
post,15,eveniet quod temporibus
post,16,sint suscipit perspiciatis velit dolorum rerum ipsa laboriosam odio
post,17,fugit voluptas sed molestias voluptatem provident
post,18,voluptate et itaque vero tempora molestiae
post,19,adipisci placeat illum aut reiciendis qui
post,20,doloribus ad provident suscipit at
post,21,asperiores ea ipsam voluptatibus modi minima quia sint
post,22,dolor sint quo a velit explicabo quia nam
post,23,maxime id vitae nihil numquam
post,24,autem hic labore sunt dolores incidunt
post,25,rem alias distinctio quo quis
post,26,est et quae odit qui non
post,27,quasi id et eos tenetur aut quo autem
post,28,delectus ullam et corporis nulla voluptas sequi
post,29,iusto eius quod necessitatibus culpa ea
post,30,a quo magni similique perferendis
post,31,ullam ut quidem id aut vel consequuntur
post,32,doloremque illum aliquid sunt
post,33,qui explicabo molestiae dolorem
post,34,magnam ut rerum iure
post,35,id nihil consequatur molestias animi provident
post,36,fuga nam accusamus voluptas reiciendis itaque
post,37,provident vel ut sit ratione est
post,38,explicabo et eos deleniti nostrum ab id repellendus
post,39,eos dolorem iste accusantium est eaque quam
post,40,enim quo cumque
post,41,non est facere
post,42,commodi ullam sint et excepturi error explicabo praesentium voluptas
post,43,eligendi iste nostrum consequuntur adipisci praesentium sit beatae perferendis
post,44,optio dolor molestias sit
post,45,ut numquam possimus omnis eius suscipit laudantium iure
post,46,aut quo modi neque nostrum ducimus
post,47,quibusdam cumque rem aut deserunt
post,48,ut voluptatem illum ea doloribus itaque eos
post,49,laborum non sunt aut ut assumenda perspiciatis voluptas
post,50,repellendus qui recusandae incidunt voluptates tenetur qui omnis exercitationem
post,51,soluta aliquam aperiam consequatur illo quis voluptas
post,52,qui enim et consequuntur quia animi quis voluptate quibusdam
post,53,ut quo aut ducimus alias
post,54,sit asperiores ipsam eveniet odio non quia
post,55,sit vel voluptatem et non libero
post,56,qui et at rerum necessitatibus
post,57,sed ab est est
post,58,voluptatum itaque dolores nisi et quasi
post,59,qui commodi dolor at maiores et quis id accusantium
post,60,consequatur placeat omnis quisquam quia reprehenderit fugit veritatis facere
post,61,voluptatem doloribus consectetur est ut ducimus
post,62,beatae enim quia vel
post,63,voluptas blanditiis repellendus animi ducimus error sapiente et suscipit
post,64,et fugit quas eum in in aperiam quod
post,65,consequatur id enim sunt et et
post,66,repudiandae ea animi iusto
post,67,aliquid eos sed fuga est maxime repellendus
post,68,odio quis facere architecto reiciendis optio
post,69,fugiat quod pariatur odit minima
post,70,voluptatem laborum magni
post,71,et iusto veniam et illum aut fuga
post,72,sint hic doloribus consequatur eos non id
post,73,consequuntur deleniti eos quia temporibus ab aliquid at
post,74,enim unde ratione doloribus quas enim ut sit sapiente
post,75,dignissimos eum dolor ut enim et delectus in
post,76,doloremque officiis ad et non perferendis
post,77,necessitatibus quasi exercitationem odio
post,78,quam voluptatibus rerum veritatis
post,79,pariatur consequatur quia magnam autem omnis non amet
post,80,labore in ex et explicabo corporis aut quas
post,81,tempora rem veritatis voluptas quo dolores vero
post,82,laudantium voluptate suscipit sunt enim enim
post,83,odit et voluptates doloribus alias odio et
post,84,optio ipsam molestias necessitatibus occaecati facilis veritatis dolores aut
post,85,dolore veritatis porro provident adipisci blanditiis et sunt
post,86,placeat quia et porro iste
post,87,nostrum quis quasi placeat
post,88,sapiente omnis fugit eos
post,89,sint soluta et vel magnam aut ut sed qui
post,90,ad iusto omnis odit dolor voluptatibus
post,91,aut amet sed
post,92,ratione ex tenetur perferendis
post,93,beatae soluta recusandae
post,94,qui qui voluptates illo iste minima
post,95,id minus libero illum nam ad officiis
post,96,quaerat velit veniam amet cupiditate aut numquam ut sequi
post,97,quas fugiat ut perspiciatis vero provident
post,98,laboriosam dolor voluptates
post,99,temporibus sit alias delectus eligendi possimus magni
post,100,at nam consequatur ea labore ea harum
komentar,1,"laudantium enim quasi est quidem magnam voluptate ipsam eos
tempora quo necessitatibus
dolor quam autem quasi
reiciendis et nam sapiente accusantium"
komentar,2,"est natus enim nihil est dolore omnis voluptatem numquam
et omnis occaecati quod ullam at
voluptatem error expedita pariatur
nihil sint nostrum voluptatem reiciendis et"
komentar,3,"quia molestiae reprehenderit quasi aspernatur
aut expedita occaecati aliquam eveniet laudantium
omnis quibusdam delectus saepe quia accusamus maiores nam est
cum et ducimus et vero voluptates excepturi deleniti ratione"
komentar,4,"non et atque
occaecati deserunt quas accusantium unde odit nobis qui voluptatem
quia voluptas consequuntur itaque dolor
et qui rerum deleniti ut occaecati"
komentar,5,"harum non quasi et ratione
tempore iure ex voluptates in ratione
harum architecto fugit inventore cupiditate
voluptates magni quo et"
komentar,6,"doloribus at sed quis culpa deserunt consectetur qui praesentium
accusamus fugiat dicta
voluptatem rerum ut voluptate autem
voluptatem repellendus aspernatur dolorem in"
komentar,7,"maiores sed dolores similique labore et inventore et
quasi temporibus esse sunt id et
eos voluptatem aliquam
aliquid ratione corporis molestiae mollitia quia et magnam dolor"
komentar,8,"ut voluptatem corrupti velit
ad voluptatem maiores
et nisi velit vero accusamus maiores
voluptates quia aliquid ullam eaque"
komentar,9,"sapiente assumenda molestiae atque
adipisci laborum distinctio aperiam et ab ut omnis
et occaecati aspernatur odit sit rem expedita
quas enim ipsam minus"
komentar,10,"voluptate iusto quis nobis reprehenderit ipsum amet nulla
quia quas dolores velit et non
aut quia necessitatibus
nostrum quaerat nulla et accusamus nisi facilis"
komentar,11,"ut dolorum nostrum id quia aut est
fuga est inventore vel eligendi explicabo quis consectetur
aut occaecati repellat id natus quo est
ut blanditiis quia ut vel ut maiores ea"
komentar,12,"expedita maiores dignissimos facilis
ipsum est rem est fugit velit sequi
eum odio dolores dolor totam
occaecati ratione eius rem velit"
komentar,13,"fuga eos qui dolor rerum
inventore corporis exercitationem
corporis cupiditate et deserunt recusandae est sed quis culpa
eum maiores corporis et"
komentar,14,"vel quae voluptas qui exercitationem
voluptatibus unde sed
minima et qui ipsam aspernatur
expedita magnam laudantium et et quaerat ut qui dolorum"
komentar,15,"nihil ut voluptates blanditiis autem odio dicta rerum
quisquam saepe et est
sunt quasi nemo laudantium deserunt
molestias tempora quo quia"
komentar,16,"iste ut laborum aliquid velit facere itaque
quo ut soluta dicta voluptate
error tempore aut et
sequi reiciendis dignissimos expedita consequuntur libero sed fugiat facilis"
komentar,17,"consequatur necessitatibus totam sed sit dolorum
recusandae quae odio excepturi voluptatum harum voluptas
quisquam sit ad eveniet delectus
doloribus odio qui non labore"
komentar,18,"veritatis voluptates necessitatibus maiores corrupti
neque et exercitationem amet sit et
ullam velit sit magnam laborum
magni ut molestias"
komentar,19,"doloribus est illo sed minima aperiam
ut dignissimos accusantium tempore atque et aut molestiae
magni ut accusamus voluptatem quos ut voluptates
quisquam porro sed architecto ut"
komentar,20,"qui harum consequatur fugiat
et eligendi perferendis at molestiae commodi ducimus
doloremque asperiores numquam qui
ut sit dignissimos reprehenderit tempore"
komentar,21,"deleniti aut sed molestias explicabo
commodi odio ratione nesciunt
voluptate doloremque est
nam autem error delectus"
komentar,22,"qui ipsa animi nostrum praesentium voluptatibus odit
qui non impedit cum qui nostrum aliquid fuga explicabo
voluptatem fugit earum voluptas exercitationem temporibus dignissimos distinctio
esse inventore reprehenderit quidem ut incidunt nihil necessitatibus rerum"
komentar,23,"voluptates provident repellendus iusto perspiciatis ex fugiat ut
ut dolor nam aliquid et expedita voluptate
sunt vitae illo rerum in quos
vel eligendi enim quae fugiat est"
komentar,24,"repudiandae repellat quia
sequi est dolore explicabo nihil et
et sit et
et praesentium iste atque asperiores tenetur"
komentar,25,"sunt aut quae laboriosam sit ut impedit
adipisci harum laborum totam deleniti voluptas odit rem ea
non iure distinctio ut velit doloribus
et non ex"
komentar,26,"incidunt sapiente eaque dolor eos
ad est molestias
quas sit et nihil exercitationem at cumque ullam
nihil magnam et"
komentar,27,"nisi vel quas ut laborum ratione
rerum magni eum
unde et voluptatem saepe
voluptas corporis modi amet ipsam eos saepe porro"
komentar,28,"voluptatem repellendus quo alias at laudantium
mollitia quidem esse
temporibus consequuntur vitae rerum illum
id corporis sit id"
komentar,29,"tempora voluptatem est
magnam distinctio autem est dolorem
et ipsa molestiae odit rerum itaque corporis nihil nam
eaque rerum error"
komentar,30,"consequuntur quia voluptate assumenda et
autem voluptatem reiciendis ipsum animi est provident
earum aperiam sapiente ad vitae iste
accusantium aperiam eius qui dolore voluptatem et"
komentar,31,"quia incidunt ut
aliquid est ut rerum deleniti iure est
ipsum quia ea sint et
voluptatem quaerat eaque repudiandae eveniet aut"
komentar,32,"nihil ea itaque libero illo
officiis quo quo dicta inventore consequatur voluptas voluptatem
corporis sed necessitatibus velit tempore
rerum velit et temporibus"
komentar,33,"fugit harum quae vero
libero unde tempore
soluta eaque culpa sequi quibusdam nulla id
et et necessitatibus"
komentar,34,"omnis temporibus quasi ab omnis
facilis et omnis illum quae quasi aut
minus iure ex rem ut reprehenderit
in non fugit"
komentar,35,"dolor mollitia quidem facere et
vel est ut
ut repudiandae est quidem dolorem sed atque
rem quia aut adipisci sunt"
komentar,36,"aut vero est
dolor non aut excepturi dignissimos illo nisi aut quas
aut magni quia nostrum provident magnam quas modi maxime
voluptatem et molestiae"
komentar,37,"qui rem amet aut
cumque maiores earum ut quia sit nam esse qui
iusto aspernatur quis voluptas
dolorem distinctio ex temporibus rem"
komentar,38,"unde voluptatem qui dicta
vel ad aut eos error consequatur voluptatem
adipisci doloribus qui est sit aut
velit aut et ea ratione eveniet iure fuga"
komentar,39,"atque consequatur dolorem sunt
adipisci autem et
voluptatibus et quae necessitatibus rerum eaque aperiam nostrum nemo
eligendi sed et beatae et inventore"
komentar,40,"quod minus alias quos
perferendis labore molestias quae ut ut corporis deserunt vitae
et quaerat ut et ullam unde asperiores
cum voluptatem cumque"
komentar,41,"facere repudiandae vitae ea aut sed quo ut et
facere nihil ut voluptates in
saepe cupiditate accusantium numquam dolores
inventore sint mollitia provident"
komentar,42,"aut culpa quaerat veritatis eos debitis
aut repellat eius explicabo et
officiis quo sint at magni ratione et iure
incidunt quo sequi quia dolorum beatae qui"
komentar,43,"voluptatem ut possimus laborum quae ut commodi delectus
in et consequatur
in voluptas beatae molestiae
est rerum laborum et et velit sint ipsum dolorem"
komentar,44,"qui sunt commodi
sint vel optio vitae quis qui non distinctio
id quasi modi dicta
eos nihil sit inventore est numquam officiis"
komentar,45,"ipsum odio harum voluptatem sunt cumque et dolores
nihil laboriosam neque commodi qui est
quos numquam voluptatum
corporis quo in vitae similique cumque tempore"
komentar,46,"exercitationem et id quae cum omnis
voluptatibus accusantium et quidem
ut ipsam sint
doloremque illo ex atque necessitatibus sed"
komentar,47,"occaecati laudantium ratione non cumque
earum quod non enim soluta nisi velit similique voluptatibus
esse laudantium consequatur voluptatem rem eaque voluptatem aut ut
et sit quam"
komentar,48,"illum et alias quidem magni voluptatum
ab soluta ea qui saepe corrupti hic et
cum repellat esse
est sint vel veritatis officia consequuntur cum"
komentar,49,"id est iure occaecati quam similique enim
ab repudiandae non
illum expedita quam excepturi soluta qui placeat
perspiciatis optio maiores non doloremque aut iusto sapiente"
komentar,50,"eum accusamus aut delectus
architecto blanditiis quia sunt
rerum harum sit quos quia aspernatur vel corrupti inventore
animi dicta vel corporis"
komentar,51,"perferendis omnis esse
voluptate sit mollitia sed perferendis
nemo nostrum qui
vel quis nisi doloribus animi odio id quas"
komentar,52,"et enim voluptatem totam laudantium
impedit nam labore repellendus enim earum aut
consectetur mollitia fugit qui repellat expedita sunt
aut fugiat vel illo quos aspernatur ducimus"
komentar,53,"a at tempore
molestiae odit qui dolores molestias dolorem et
laboriosam repudiandae placeat quisquam
autem aperiam consectetur maiores laboriosam nostrum"
komentar,54,"et ipsa rem ullam cum pariatur similique quia
cum ipsam est sed aut inventore
provident sequi commodi enim inventore assumenda aut aut
tempora possimus soluta quia consequatur modi illo"
komentar,55,"perferendis eaque labore laudantium ut molestiae soluta et
vero odio non corrupti error pariatur consectetur et
enim nam quia voluptatum non
mollitia culpa facere voluptas suscipit veniam"
komentar,56,"cum esse odio nihil reiciendis illum quaerat
est facere quia
occaecati sit totam fugiat in beatae
ut occaecati unde vitae nihil quidem consequatur"
komentar,57,"dolorem facere itaque fuga odit autem
perferendis quisquam quis corrupti eius dicta
repudiandae error esse itaque aut
corrupti sint consequatur aliquid"
komentar,58,"veritatis qui nihil
quia reprehenderit non ullam ea iusto
consectetur nam voluptas ut temporibus tempore provident error
eos et nisi et voluptate"
komentar,59,"cumque molestiae officia aut fugiat nemo autem
vero alias atque sed qui ratione quia
repellat vel earum
ea laudantium mollitia"
komentar,60,"error eum quia voluptates alias repudiandae
accusantium veritatis maiores assumenda
quod impedit animi tempore veritatis
animi et et officiis labore impedit blanditiis repudiandae"
komentar,61,"deserunt cumque laudantium
et et odit quia sint quia quidem
quibusdam debitis fuga in tempora deleniti
impedit consequatur veniam reiciendis autem porro minima"
komentar,62,"tempore dolorum corrupti facilis
praesentium sunt iste recusandae
unde quisquam similique
alias consequuntur voluptates velit"
komentar,63,"aut eligendi et molestiae voluptatum tempora
officia nihil sit voluptatem aut deleniti
quaerat consequatur eaque
sapiente tempore commodi tenetur rerum qui quo"
komentar,64,"sed illum quis
ut aut culpa labore aspernatur illo
dolorem quia vitae ut aut quo repellendus est omnis
esse at est debitis"
komentar,65,"qui debitis vitae ratione
tempora impedit aperiam porro molestiae placeat vero laboriosam recusandae
praesentium consequatur facere et itaque quidem eveniet
magnam natus distinctio sapiente"
komentar,66,"necessitatibus libero occaecati
vero inventore iste assumenda veritatis
asperiores non sit et quia omnis facere nemo explicabo
odit quo nobis porro"
komentar,67,"nulla quo itaque beatae ad
officiis animi aut exercitationem voluptatum dolorem doloremque ducimus in
recusandae officia consequuntur quas
aspernatur dolores est esse dolores sit illo laboriosam quaerat"
komentar,68,"sed magni accusantium numquam quidem omnis et voluptatem beatae
quos fugit libero
vel ipsa et nihil recusandae ea
iste nemo qui optio sit enim ut nostrum odit"
komentar,69,"omnis dolor autem qui est natus
autem animi nemo voluptatum aut natus accusantium iure
inventore sunt ea tenetur commodi suscipit facere architecto consequatur
dolorem nihil veritatis consequuntur corporis"
komentar,70,"omnis aliquam praesentium ad voluptatem harum aperiam dolor autem
hic asperiores quisquam ipsa necessitatibus suscipit
praesentium rem deserunt et
facere repellendus aut sed fugit qui est"
komentar,71,"mollitia magnam et
ipsum consequatur est expedita
aut rem ut ex doloremque est vitae est
cumque velit recusandae numquam libero dolor fuga fugit a"
komentar,72,"quisquam voluptas ut
pariatur eos amet non
reprehenderit voluptates numquam
in est voluptatem dicta ipsa qui esse enim"
komentar,73,"nam qui possimus deserunt
inventore dignissimos nihil rerum ut consequatur vel architecto
tenetur recusandae voluptate
numquam dignissimos aliquid ut reprehenderit voluptatibus"
komentar,74,"non accusamus eum aut et est
accusantium animi nesciunt distinctio ea quas quisquam
sit ut voluptatem modi natus sint
facilis est qui molestias recusandae nemo"
komentar,75,"natus numquam enim asperiores doloremque ullam et
est molestias doloribus cupiditate labore vitae aut voluptatem
itaque quos quo consectetur nihil illum veniam
nostrum voluptatum repudiandae ut"
komentar,76,"sunt qui consequatur similique recusandae repellendus voluptates eos et
vero nostrum fugit magnam aliquam
reprehenderit nobis voluptatem eos consectetur possimus
et perferendis qui ea fugiat sit doloremque"
komentar,77,"eos ullam dolorem impedit labore mollitia
rerum non dolores
molestiae dignissimos qui maxime sed voluptate consequatur
doloremque praesentium magnam odio iste quae totam aut"
komentar,78,"qui adipisci eveniet excepturi iusto magni et
enim ducimus asperiores blanditiis nemo
commodi nihil ex
enim rerum vel nobis nostrum et non"
komentar,79,"et inventore sapiente sed
sunt similique fugiat officia velit doloremque illo eligendi quas
sed rerum in quidem perferendis facere molestias
dolore dolor voluptas nam vel quia"
komentar,80,"dignissimos itaque ab et tempore odio omnis voluptatem
itaque perferendis rem repellendus tenetur nesciunt velit
qui cupiditate recusandae
quis debitis dolores aliquam nam"
komentar,81,"illum et voluptatem quis repellendus quidem repellat
reprehenderit voluptas consequatur mollitia
praesentium nisi quo quod et
occaecati repellendus illo eius harum explicabo doloribus officia"
komentar,82,"officiis dolorem voluptas aliquid eveniet tempora qui
ea temporibus labore accusamus sint
ut sunt necessitatibus voluptatum animi cumque
at reiciendis voluptatem iure aliquid et qui dolores et"
komentar,83,"et consequatur voluptates magnam fugit sunt repellendus nihil earum
officiis aut cupiditate
et distinctio laboriosam
molestiae sunt dolor explicabo recusandae"
komentar,84,"ratione ut magni voluptas
explicabo natus quia consequatur nostrum aut
omnis enim in qui illum
aut atque laboriosam aliquid blanditiis quisquam et laborum"
komentar,85,"quisquam incidunt dolores sint qui doloribus provident
vel cupiditate deleniti alias voluptatem placeat ad
ut dolorem illum unde iure quis libero neque
ea et distinctio id"
komentar,86,"eum culpa debitis sint
eaque quia magni laudantium qui neque voluptas
voluptatem qui molestiae vel earum est ratione excepturi
sit aut explicabo et repudiandae ut perspiciatis"
komentar,87,"assumenda corporis architecto repudiandae omnis qui et odit
perferendis velit enim
et quia reiciendis sint
quia voluptas quam deserunt facilis harum eligendi"
komentar,88,"laudantium corrupti atque exercitationem quae enim et veniam dicta
autem perspiciatis sit dolores
minima consectetur tenetur iste facere
amet est neque"
komentar,89,"quibusdam rerum quia nostrum culpa
culpa est natus impedit quo rem voluptate quos
rerum culpa aut ut consectetur
sunt esse laudantium voluptatibus cupiditate rerum"
komentar,90,"vitae cupiditate excepturi eum veniam laudantium aspernatur blanditiis
aspernatur quia ut assumenda et magni enim magnam
in voluptate tempora
non qui voluptatem reprehenderit porro qui voluptatibus"
komentar,91,"qui nisi at maxime deleniti quo
ex quas tenetur nam
deleniti aut asperiores deserunt cum ex eaque alias sit
et veniam ab consequatur molestiae"
komentar,92,"nihil necessitatibus omnis asperiores nobis praesentium quia
ab debitis quo deleniti aut sequi commodi
ut perspiciatis quod est magnam aliquam modi
eum quos aliquid ea est"
komentar,93,"ut quis et id repellat labore
nobis itaque quae saepe est ullam aut
dolor id ut quis
sunt iure voluptates expedita voluptas doloribus modi saepe autem"
komentar,94,"reiciendis delectus nulla quae voluptas nihil provident quia
ab corporis nesciunt blanditiis quibusdam et unde et
magni eligendi aperiam corrupti perspiciatis quasi
neque iure voluptatibus mollitia"
komentar,95,"at ut tenetur rem
ut fuga quis ea magnam alias
aut tempore fugiat laboriosam porro quia iure qui
architecto est enim"
komentar,96,"eum itaque quam
laboriosam sequi ullam quos nobis
omnis dignissimos nam dolores
facere id suscipit aliquid culpa rerum quis"
komentar,97,"est ducimus voluptate saepe iusto repudiandae recusandae et
sint fugit voluptas eum itaque
odit ab eos voluptas molestiae necessitatibus earum possimus voluptatem
quibusdam aut illo beatae qui delectus aut officia veritatis"
komentar,98,"ex et expedita cum voluptatem
voluptatem ab expedita quis nihil
esse quo nihil perferendis dolores velit ut culpa aut
dolor maxime necessitatibus voluptatem"
komentar,99,"aut quam consequatur sit et
repellat maiores laborum similique voluptatem necessitatibus nihil
et debitis nemo occaecati cupiditate
modi dolorum quia aut"
komentar,100,"architecto dolorem ab explicabo et provident et
et eos illo omnis mollitia ex aliquam
atque ut ipsum nulla nihil
quis voluptas aut debitis facilis"
komentar,101,"ut aut maxime officia sed aliquam et magni autem
veniam repudiandae nostrum odio enim eum optio aut
omnis illo quasi quibusdam inventore explicabo
reprehenderit dolor saepe possimus molestiae"
komentar,102,"aut dolorem quos ut non
aliquam unde iure minima quod ullam qui
fugiat molestiae tempora voluptate vel labore
saepe animi et vitae numquam ipsa"
komentar,103,"totam eum fugiat repellendus
quae beatae explicabo excepturi iusto et
repellat alias iure voluptates consequatur sequi minus
sed maxime unde"
komentar,104,"qui aperiam labore animi magnam odit est
ut autem eaque ea magni quas voluptatem
doloribus vel voluptatem nostrum ut debitis enim quaerat
ut esse eveniet aut"
komentar,105,"ut rerum illum error at inventore ab nobis molestiae
ipsa architecto temporibus non aliquam aspernatur omnis quidem aliquid
consequatur non et expedita cumque voluptates ipsam quia
blanditiis libero itaque sed iusto at"
komentar,106,"dolores debitis voluptatem ab hic
magnam alias qui est sunt
et porro velit et repellendus occaecati est
sequi quia odio deleniti illum"
komentar,107,"eveniet fugit qui
porro eaque dolores eos adipisci dolores ut
fugit perferendis pariatur
numquam et repellat occaecati atque ipsum neque"
komentar,108,"at a vel sequi nostrum
harum nam nihil
cumque aut in dolore rerum ipsa hic ratione
rerum cum ratione provident labore ad quisquam repellendus a"
komentar,109,"aliquid qui dolorem deserunt aperiam natus corporis eligendi neque
at et sunt aut qui
illum repellat qui excepturi laborum facilis aut omnis consequatur
et aut optio ipsa nisi enim"
komentar,110,"cum sequi in eligendi id eaque
dolores accusamus dolorem eum est voluptatem quisquam tempore
in voluptas enim voluptatem asperiores voluptatibus
eius quo quos quasi voluptas earum ut necessitatibus"
komentar,111,"ullam autem et
accusantium quod sequi similique soluta explicabo ipsa
eius ratione quisquam sed et excepturi occaecati pariatur
molestiae ut reiciendis eum voluptatem sed"
komentar,112,"ut tempora deleniti quo molestiae eveniet provident earum occaecati
est nesciunt ut pariatur ipsa voluptas voluptatem aperiam
qui deleniti quibusdam voluptas molestiae facilis id iusto similique
tempora aut qui"
komentar,113,"voluptatem sint quia modi accusantium alias
recusandae rerum voluptatem aut sit et ut magnam
voluptas rerum odio quo labore voluptatem facere consequuntur
ut sit voluptatum hic distinctio"
komentar,114,"nihil labore qui
quis dolor eveniet iste numquam
porro velit incidunt
laboriosam asperiores aliquam facilis in et voluptas eveniet quasi"
komentar,115,"laudantium tempore aut
maiores laborum fugit qui suscipit hic sint officiis corrupti
officiis eum optio cumque fuga sed voluptatibus similique
sit consequuntur rerum commodi"
komentar,116,"quia voluptas qui assumenda nesciunt harum iusto
est corrupti aperiam
ut aut unde maxime consequatur eligendi
veniam modi id sint rem labore saepe minus"
komentar,117,"doloribus esse necessitatibus qui eos et ut est saepe
sed rerum tempore est ut
quisquam et eligendi accusantium
commodi non doloribus"
komentar,118,"repudiandae aliquam maxime cupiditate consequatur id
quas error repellendus
totam officia dolorem beatae natus cum exercitationem
asperiores dolor ea"
komentar,119,"et omnis consequatur ut
in suscipit et voluptatem
animi at ut
dolores quos aut numquam esse praesentium aut placeat nam"
komentar,120,"iusto sint recusandae placeat atque perferendis sit corporis molestiae
rem dolor eius id delectus et qui
sed dolorem reiciendis error ullam corporis delectus
explicabo mollitia odit laborum sed itaque deserunt rem dolorem"
komentar,121,"soluta mollitia impedit cumque nostrum tempore aut placeat repellat
enim adipisci dolores aut ut ratione laboriosam necessitatibus vel
et blanditiis est iste sapiente qui atque repellendus alias
earum consequuntur quia quasi quia"
komentar,122,"doloribus veritatis a et quis corrupti incidunt est
harum maiores impedit et beatae qui velit et aut
porro sed dignissimos deserunt deleniti
et eveniet voluptas ipsa pariatur rem ducimus"
komentar,123,"nostrum perspiciatis doloribus
explicabo soluta id libero illo iste et
ab expedita error aliquam eum sint ipsum
modi possimus et"
komentar,124,"ut ut eius qui explicabo quis
iste autem nulla beatae tenetur enim
assumenda explicabo consequatur harum exercitationem
velit itaque consectetur et possimus"
komentar,125,"aut voluptas dolore autem
reprehenderit expedita et nihil pariatur ea animi quo ullam
a ea officiis corporis
eius voluptatum cum mollitia dolore quaerat accusamus"
komentar,126,"est qui ut tempore temporibus pariatur provident qui consequuntur
laboriosam porro dignissimos quos debitis id laborum et totam
aut eius sequi dolor maiores amet
rerum voluptatibus quod ratione quos labore fuga sit"
komentar,127,"omnis consequatur dignissimos iure rerum odio
culpa laudantium quia voluptas enim est nisi
doloremque consequatur autem officiis necessitatibus beatae et
et itaque animi dolor praesentium"
komentar,128,"exercitationem eius aut ullam vero
impedit similique maiores ea et in culpa possimus omnis
eos labore autem quam repellendus dolores deserunt voluptatem
non ullam eos accusamus"
komentar,129,"fugit minima voluptatem est aut sed explicabo
harum dolores at qui eaque
magni velit ut et
nam et ut sunt excepturi repellat non commodi"
komentar,130,"dicta sit culpa molestiae quasi at voluptate eos
dolorem perferendis accusamus rerum expedita ipsum quis qui
quos est deserunt
rerum fuga qui aliquam in consequatur aspernatur"
komentar,131,"rem magnam at voluptatem
aspernatur et et nostrum rerum
dignissimos eum quibusdam
optio quod dolores et"
komentar,132,"ullam harum consequatur est rerum est
magni tenetur aperiam et
repudiandae et reprehenderit dolorum enim voluptas impedit
eligendi quis necessitatibus in exercitationem voluptatem qui"
komentar,133,"sunt quis iure molestias qui ipsa commodi dolore a
odio qui debitis earum
unde ut omnis
doloremque corrupti at repellendus earum eum"
komentar,134,"corrupti perspiciatis eligendi
et omnis tempora nobis dolores hic
dolorum vitae odit
reiciendis sunt odit qui"
komentar,135,"sapiente nostrum dolorem odit a
sed animi non architecto doloremque unde
nam aut aut ut facilis
et ut autem fugit minima culpa inventore non"
komentar,136,"cum natus qui dolorem dolorum nihil ut nam tempore
modi nesciunt ipsum hic
rem sunt possimus earum magnam similique aspernatur sed
totam sed voluptatem iusto id iste qui"
komentar,137,"reiciendis maiores id
voluptas sapiente deserunt itaque
ut omnis sunt
necessitatibus quibusdam dolorem voluptatem harum error"
komentar,138,"dolorem suscipit adipisci ad cum totam quia fugiat
vel quia dolores molestiae eos
omnis officia quidem quaerat alias vel distinctio
vero provident et corporis a quia ut"
komentar,139,"facilis cumque nostrum dignissimos
doloremque saepe quia adipisci sunt
dicta dolorum quo esse
culpa iste ut asperiores cum aperiam"
komentar,140,"velit ipsa fugiat sit qui vel nesciunt sapiente
repudiandae perferendis nemo eos quos perspiciatis aperiam
doloremque incidunt nostrum temporibus corrupti repudiandae vitae non corporis
cupiditate suscipit quod sed numquam excepturi enim labore"
komentar,141,"et ullam id eligendi rem sit
occaecati et delectus in nemo
aut veritatis deserunt aspernatur dolor enim voluptas quos consequatur
molestiae temporibus error"
komentar,142,"cumque voluptas quo eligendi sit
nemo ut ut dolor et cupiditate aut
et voluptatem quia aut maiores quas accusantium expedita quia
beatae aut ad quis soluta id dolorum"
komentar,143,"est quasi maiores nisi reiciendis enim
dolores minus facilis laudantium dignissimos
reiciendis et facere occaecati dolores et
possimus et vel et aut ipsa ad"
komentar,144,"voluptatem unde consequatur natus nostrum vel ut
consequatur sequi doloremque omnis dolorem maxime
eaque sunt excepturi
fuga qui illum et accusamus"
komentar,145,"assumenda nihil et
sed nulla tempora porro iste possimus aut sit officia
cumque totam quis tenetur qui sequi
delectus aut sunt"
komentar,146,"possimus necessitatibus quis
et dicta omnis voluptatem ea est
suscipit eum soluta in quia corrupti hic iusto
consequatur est aut qui earum nisi officiis sed culpa"
komentar,147,"nihil aspernatur consequatur voluptatem facere sed fugiat ullam
beatae accusamus et fuga maxime vero
omnis necessitatibus quisquam ipsum consectetur incidunt repellat voluptas
error quo et ab magnam quisquam"
komentar,148,"nemo corporis quidem eius aut dolores
itaque rerum quo occaecati mollitia incidunt
autem est saepe nulla nobis a id
dolore facilis placeat molestias in fugiat aliquam excepturi"
komentar,149,"veniam est distinctio
nihil quia eos sed
distinctio hic ut sint ducimus debitis dolorem voluptatum assumenda
eveniet ea perspiciatis"
komentar,150,"est non atque eligendi aspernatur quidem earum mollitia
minima neque nam exercitationem provident eum
maxime quo et ut illum sequi aut fuga repudiandae
sapiente sed ea distinctio molestias illum consequatur libero quidem"
komentar,151,"quos eos sint voluptatibus similique iusto perferendis omnis voluptas
earum nulla cumque
dolorem consequatur officiis quis consequatur aspernatur nihil ullam et
enim enim unde nihil labore non ducimus"
komentar,152,"itaque veritatis explicabo
quis voluptatem mollitia soluta id non
doloribus nobis fuga provident
nesciunt saepe molestiae praesentium laboriosam"
komentar,153,"et cumque error pariatur
quo doloribus corrupti voluptates ad voluptatem consequatur voluptas dolores
pariatur at quas iste repellat et sed quasi
ea maiores rerum aut earum"
komentar,154,"quod magni consectetur
quod doloremque velit autem ipsam nisi praesentium ut
laboriosam quod deleniti
pariatur aliquam sint excepturi a consectetur quas eos"
komentar,155,"animi asperiores modi et tenetur vel magni
id iusto aliquid ad
nihil dolorem dolorum aut veritatis voluptates
omnis cupiditate incidunt"
komentar,156,"dolorum voluptas laboriosam quisquam ab
totam beatae et aut aliquid optio assumenda
voluptas velit itaque quidem voluptatem tempore cupiditate
in itaque sit molestiae minus dolores magni"
komentar,157,"voluptas quia quo ad
ipsum voluptatum provident ut ipsam velit dignissimos aut assumenda
ut officia laudantium
quibusdam sed minima"
komentar,158,"et qui ad vero quis
quisquam omnis fuga et vel nihil minima eligendi nostrum
sed deserunt rem voluptates autem
quia blanditiis cum sed"
komentar,159,"deserunt deleniti officiis architecto consequatur molestiae facere dolor
voluptatem velit eos fuga dolores
sit quia est a deleniti hic dolor quisquam repudiandae
voluptas numquam voluptatem impedit"
komentar,160,"non reprehenderit aut sed quos est ad voluptatum
est ut est dignissimos ut dolores consequuntur
debitis aspernatur consequatur est
porro nulla laboriosam repellendus et nesciunt est libero placeat"
komentar,161,"sunt totam blanditiis
eum quos fugit et ab rerum nemo
ut iusto architecto
ut et eligendi iure placeat omnis"
komentar,162,"nulla impedit porro in sed
voluptatem qui voluptas et enim beatae
nobis et sit ipsam aut
voluptatem voluptatibus blanditiis officia quod eos omnis earum dolorem"
komentar,163,"molestiae dolorem quae rem neque sapiente voluptatum nesciunt cum
id rerum at blanditiis est accusantium est
eos illo porro ad
quod repellendus ad et labore fugit dolorum"
komentar,164,"beatae aut ut autem sit officia rerum nostrum
provident ratione sed dicta omnis alias commodi rerum expedita
non nobis sapiente consectetur odit unde quia
voluptas in nihil consequatur doloremque ullam dolorem cum"
komentar,165,"sed praesentium ducimus minima autem corporis debitis
aperiam eum sit pariatur
impedit placeat illo odio
odit accusantium expedita quo rerum magnam"
komentar,166,"nam quas eaque unde
dolor blanditiis cumque eaque omnis qui
rerum modi sint quae numquam exercitationem
atque aut praesentium ipsa sit neque qui sint aut"
komentar,167,"molestiae voluptatem qui
id facere nostrum quasi asperiores rerum
quisquam est repellendus
deleniti eos aut sed nemo non"
komentar,168,"cupiditate optio in quidem adipisci sit dolor id
et tenetur quo sit odit
aperiam illum optio magnam qui
molestiae eligendi harum optio dolores dolor quaerat nostrum"
komentar,169,"unde non aliquid magni accusantium architecto et
rerum autem eos explicabo et
odio facilis sed
rerum ex esse beatae quia"
komentar,170,"amet id deserunt ipsam
cupiditate distinctio nulla voluptatem
cum possimus voluptate
ipsum quidem laudantium quos nihil"
komentar,171,"sed non beatae placeat qui libero nam eaque qui
quia ut ad doloremque
sequi unde quidem adipisci debitis autem velit
architecto aperiam eos nihil enim dolores veritatis omnis ex"
komentar,172,"nemo ullam omnis sit
labore perferendis et eveniet nostrum
dignissimos expedita iusto
occaecati quia sit quibusdam"
komentar,173,"asperiores hic fugiat aut et temporibus mollitia quo quam
cumque numquam labore qui illum vel provident quod
pariatur natus incidunt
sunt error voluptatibus vel voluptas maiores est vero possimus"
komentar,174,"sit dolores consequatur qui voluptas sunt
earum at natus alias excepturi dolores
maiores pariatur at reiciendis
dolor esse optio"
komentar,175,"culpa non ea
perspiciatis exercitationem sed natus sit
enim voluptatum ratione omnis consequuntur provident commodi omnis
quae odio sit at tempora"
komentar,176,"quam culpa fugiat
rerum impedit ratione vel ipsam rem
commodi qui rem eum
itaque officiis omnis ad"
komentar,177,"ut facilis sapiente
quia repellat autem et aut delectus sint
autem nulla debitis
omnis consequuntur neque"
komentar,178,"sit maxime fugit
sequi culpa optio consequatur voluptatem dolor expedita
enim iure eum reprehenderit doloremque aspernatur modi
voluptatem culpa nostrum quod atque rerum sint laboriosam et"
komentar,179,"non saepe ipsa velit sunt
totam ipsum optio voluptatem
nesciunt qui iste eum
et deleniti ullam"
komentar,180,"recusandae temporibus nihil non alias consequatur
libero voluptatem sed soluta accusamus
a qui reiciendis officiis ad
quia laborum libero et rerum voluptas sed ut et"
komentar,181,"dolor iure corrupti
et eligendi nesciunt voluptatum autem
consequatur in sapiente
dolor voluptas dolores natus iusto qui et in perferendis"
komentar,182,"voluptatum voluptatem nisi consequatur et
omnis nobis odio neque ab enim veniam
sit qui aperiam odit voluptatem facere
nesciunt esse nemo"
komentar,183,"tempora soluta voluptas deserunt
non fugiat similique
est natus enim eum error magni soluta
dolores sit doloremque"
komentar,184,"odio saepe ad error minima itaque
omnis fuga corrupti qui eaque cupiditate eum
vitae laborum rerum ut reprehenderit architecto sit debitis magnam
qui corrupti cum quidem commodi facere corporis"
komentar,185,"deleniti non et corrupti delectus ea cupiditate
at nihil fuga rerum
temporibus doloribus unde sed alias
ducimus perspiciatis quia debitis fuga"
komentar,186,"asperiores eaque error sunt ut natus et omnis
expedita error iste vitae
sit alias voluptas voluptatibus quia iusto quia ea
enim facere est quam ex"
komentar,187,"et enim necessitatibus velit autem magni voluptas
at maxime error sunt nobis sit
dolor beatae harum rerum
tenetur facere pariatur et perferendis voluptas maiores nihil eaque"
komentar,188,"quam magni adipisci totam
ut reprehenderit ut tempore non asperiores repellendus architecto aperiam
dignissimos est aut reiciendis consectetur voluptate nihil culpa at
molestiae labore qui ea"
komentar,189,"nostrum excepturi debitis cum
architecto iusto laudantium odit aut dolor voluptatem consectetur nulla
mollitia beatae autem quasi nemo repellendus ut ea et
aut architecto odio cum quod optio"
komentar,190,"laudantium vero similique eum
iure iste culpa praesentium
molestias doloremque alias et at doloribus
aperiam natus est illo quo ratione porro excepturi"
komentar,191,"sit vero aut voluptatem soluta corrupti dolor cum
nulla ipsa accusamus aut suscipit ut dicta ut nemo
ut et ut sit voluptas modi
illum suscipit ea debitis aut ullam harum"
komentar,192,"dolore velit autem perferendis hic
tenetur quo rerum
impedit error sit eaque ut
ad in expedita et nesciunt sit aspernatur repudiandae"
komentar,193,"laudantium consequatur sed adipisci a
odit quia necessitatibus qui
numquam expedita est accusantium nostrum
occaecati perspiciatis molestiae nostrum atque"
komentar,194,"aut distinctio iusto autem sit libero deleniti
est soluta non perferendis illo
eveniet corrupti est sint quae
sed sunt voluptatem"
komentar,195,"culpa voluptas quidem eos quis excepturi
quasi corporis provident enim
provident velit ex occaecati deleniti
id aspernatur fugiat eligendi"
komentar,196,"eum laborum quidem omnis facere harum ducimus dolores quaerat
corporis quidem aliquid
quod aut aut at dolorum aspernatur reiciendis
exercitationem quasi consectetur asperiores vero blanditiis dolor"
komentar,197,"fugit ut laborum provident
quos provident voluptatibus quam non
sed accusantium explicabo dolore quia distinctio voluptatibus et
consequatur eos qui iure minus eaque praesentium"
komentar,198,"est veritatis mollitia atque quas et sint et dolor
et ut beatae aut
magni corporis dolores voluptatibus optio molestiae enim minus est
reiciendis facere voluptate rem officia doloribus ut"
komentar,199,"veniam eos ab voluptatem in fugiat ipsam quis
officiis non qui
quia ut id voluptates et a molestiae commodi quam
dolorem enim soluta impedit autem nulla"
komentar,200,"facere maxime alias aspernatur ab quibusdam necessitatibus
ratione similique error enim
sed minus et
et provident minima voluptatibus"
komentar,201,"est officiis placeat
id et iusto ut fugit numquam
eos aut voluptas ad quia tempore qui quibusdam doloremque
recusandae tempora qui"
komentar,202,"sequi expedita quibusdam enim ipsam
beatae ad eum placeat
perspiciatis quis in nulla porro voluptas quia
esse et quibusdam"
komentar,203,"eum voluptates id autem sequi qui omnis commodi
veniam et laudantium aut
et molestias esse asperiores et quaerat
pariatur non officia voluptatibus"
komentar,204,"voluptatibus pariatur illo
autem quia aut ullam laudantium quod laborum officia
dicta sit consequatur quis delectus vel
omnis laboriosam laborum vero ipsa voluptas"
komentar,205,"voluptatem accusamus delectus natus quasi aliquid
porro ab id ea aut consequatur dignissimos quod et
aspernatur sapiente cum corrupti
pariatur veritatis unde"
komentar,206,"nam iusto minus expedita numquam
et id quis
voluptatibus minima porro facilis dolores beatae aut sit
aut quia suscipit"
komentar,207,"nulla quos harum commodi
aperiam qui et dignissimos
reiciendis ut quia est corrupti itaque
laboriosam debitis suscipit"
komentar,208,"enim aut doloremque mollitia provident molestiae omnis esse excepturi
officiis tempora sequi molestiae veniam voluptatem
recusandae omnis temporibus et deleniti laborum sed ipsa
molestiae eum aut"
komentar,209,"officiis qui eos voluptas laborum error
sunt repellat quis nisi unde velit
delectus eum molestias tempora quia ut aut
consequatur cupiditate quis sint in eum voluptates"
komentar,210,"praesentium odit quos et tempora eum voluptatem non
non aut eaque consectetur reprehenderit in qui eos nam
nemo ea eos
ea nesciunt consequatur et"
komentar,211,"odio temporibus est ut a
aut commodi minima tempora eum
et fuga omnis alias deleniti facere totam unde
impedit voluptas et possimus consequatur necessitatibus qui velit"
komentar,212,"aut vero sint ut et voluptate
sunt quod velit impedit quia
cupiditate dicta magni ut
eos blanditiis assumenda pariatur nemo est tempore velit"
komentar,213,"at non dolore molestiae
autem rerum id
cum facilis sit necessitatibus accusamus quia officiis
sint ea sit natus rerum est nemo perspiciatis ea"
komentar,214,"nam nesciunt earum sequi dolorum
et fuga sint quae architecto
in et et ipsam veniam ad voluptas rerum animi
illum temporibus enim rerum est"
komentar,215,"esse ab est deleniti dicta non
inventore veritatis cupiditate
eligendi sequi excepturi assumenda a harum sint aut eaque
rerum molestias id excepturi quidem aut"
komentar,216,"minima quaerat voluptatibus iusto earum
quia nihil et
minus deleniti aspernatur voluptatibus tempore sit molestias
architecto velit id debitis"
komentar,217,"aperiam rerum aut provident cupiditate laboriosam
enim placeat aut explicabo
voluptatum similique rerum eaque eligendi
nobis occaecati perspiciatis sint ullam"
komentar,218,"rem qui est
facilis qui voluptatem quis est veniam quam aspernatur dicta
dolore id sapiente saepe consequatur
enim qui impedit culpa ex qui voluptas dolor"
komentar,219,"est et dolores voluptas aut molestiae nam eos saepe
expedita eum ea tempore sit iure eveniet
iusto enim quos quo
repellendus laudantium eum fugiat aut et"
komentar,220,"illum ea eum quia
doloremque modi ducimus voluptatum eaque aperiam accusamus eos quia
sed rerum aperiam sunt quo
ea veritatis natus eos deserunt voluptas ea voluptate"
komentar,221,"rerum possimus asperiores non dolores maiores tenetur ab
suscipit laudantium possimus ab iure
distinctio assumenda iste adipisci optio est sed eligendi
temporibus perferendis tempore soluta"
komentar,222,"cum officiis impedit neque a sed dolorum accusamus eaque
repellat natus aut commodi sint fugit consequatur corporis
voluptatum dolorum sequi perspiciatis ut facilis
delectus pariatur consequatur at aut temporibus facere vitae"
komentar,223,"maiores perspiciatis quo alias doloremque
illum iusto possimus impedit
velit voluptatem assumenda possimus
ut nesciunt eum et deleniti molestias harum excepturi"
komentar,224,"perferendis quae est velit ipsa autem adipisci ex rerum
voluptatem occaecati velit perferendis aut tenetur
deleniti eaque quasi suscipit
dolorum nobis vel et aut est eos"
komentar,225,"doloribus illum tempora aliquam qui perspiciatis dolorem ratione velit
facere nobis et fugiat modi
fugiat dolore at
ducimus voluptate porro qui architecto optio unde deleniti"
komentar,226,"provident sed similique
explicabo fugiat quasi saepe voluptatem corrupti recusandae
voluptas repudiandae illum tenetur mollitia
sint in enim earum est"
komentar,227,"est quo quod tempora fuga debitis
eum nihil nemo nisi consequatur sequi nesciunt dolorum et
cumque maxime qui consequatur mollitia dicta iusto aut
vero recusandae ut dolorem provident voluptatibus suscipit sint"
komentar,228,"quibusdam dolores eveniet qui minima
magni perspiciatis pariatur
ullam dolor sit ex molestiae in nulla unde rerum
quibusdam deleniti nisi"
komentar,229,"unde aliquam ipsam eaque quia laboriosam exercitationem totam illo
non et dolore ipsa
laborum et sapiente fugit voluptatem
et debitis quia optio et minima et nostrum"
komentar,230,"neque ullam eos amet
ratione architecto doloribus qui est nisi
occaecati unde expedita perspiciatis animi tenetur minus eveniet aspernatur
eius nihil adipisci aut"
komentar,231,"veritatis laudantium laboriosam ut maxime sed voluptate
consequatur itaque occaecati voluptatum est
ut itaque aperiam eligendi at vel minus
dicta tempora nihil pariatur libero est"
komentar,232,"ullam modi consequatur officia dolor non explicabo et
eum minus dicta dolores blanditiis dolore
nobis assumenda harum velit ullam et cupiditate
et commodi dolor harum et sed cum reprehenderit omnis"
komentar,233,"aperiam quo quis
nobis error et culpa veritatis
quae sapiente nobis architecto doloribus quia laboriosam
est consequatur et recusandae est eius"
komentar,234,"itaque voluptatem voluptas velit non est rerum incidunt
vitae aut labore accusantium in atque
repudiandae quos necessitatibus
autem ea excepturi"
komentar,235,"ea iusto laboriosam sit
voluptatibus magni ratione eum
et minus perferendis
eius rerum suscipit velit culpa ipsa ipsam aperiam est"
komentar,236,"itaque error cupiditate asperiores ut aspernatur veniam qui
doloribus sit aliquid pariatur dicta deleniti qui alias dignissimos
recusandae eaque repellendus est et dolorem aut non
explicabo voluptas est beatae vel temporibus"
komentar,237,"aut culpa quis modi
libero hic dolore provident officiis placeat minima vero
et iste dolores aut voluptatem saepe unde
vero temporibus sunt corrupti voluptate"
komentar,238,"et nostrum cupiditate nobis facere et est illo
consequatur harum voluptatem totam
molestiae voluptas consequatur quibusdam aut
modi impedit necessitatibus et nisi nesciunt adipisci"
komentar,239,"esse rem ut neque magni voluptatem id qui
aut ut vel autem non qui quam sit
impedit quis sit illum laborum
aut at vel eos nihil quo"
komentar,240,"necessitatibus nulla perferendis ad inventore earum delectus
vitae illo sed perferendis
officiis quo eligendi voluptatem animi totam perspiciatis
repellat quam eum placeat est tempore facere"
komentar,241,"quisquam asperiores voluptas
modi tempore officia quod hic dolor omnis asperiores
architecto aut vel odio quisquam sunt
deserunt soluta illum"
komentar,242,"dolores minus sequi laudantium excepturi deserunt rerum voluptatem
pariatur harum natus sed dolore quis
consectetur quod inventore laboriosam et in dolor beatae rerum
quia rerum qui recusandae quo officiis fugit"
komentar,243,"rem ut cumque tempore sed
aperiam unde tenetur ab maiores officiis alias
aut nemo veniam dolor est eum sunt a
esse ratione deserunt et"
komentar,244,"est et itaque qui laboriosam dolor ut debitis
cumque et et dolor
eaque enim et architecto
et quia reiciendis quis"
komentar,245,"vel nam nemo sed vitae
repellat necessitatibus dolores deserunt dolorum
minima quae velit et nemo
sit expedita nihil consequatur autem quia maiores"
komentar,246,"quia est sed eos animi optio dolorum
consequatur reiciendis exercitationem ipsum nihil omnis
beatae sed corporis enim quisquam
et blanditiis qui nihil"
komentar,247,"explicabo nam nihil atque sint aut
qui qui rerum excepturi soluta quis et
et mollitia et voluptate minima nihil
sed quaerat dolor earum tempore et non est voluptatem"
komentar,248,"assumenda aut quis repellendus
nihil impedit cupiditate nemo
sit sequi laudantium aut voluptas nam dolore magnam
minima aspernatur vero sapiente"
komentar,249,"non repudiandae dicta et commodi
sint dolores facere eos nesciunt autem quia
placeat quaerat non culpa quasi dolores voluptas
dolorum placeat non atque libero odit autem sunt"
komentar,250,"doloremque quae ratione cumque
excepturi eligendi delectus maiores necessitatibus veniam
fugiat exercitationem consectetur vel earum
quia illo explicabo molestiae enim rem deserunt et omnis"
komentar,251,"sit vero at voluptatem corporis adipisci
error sit aut nihil rerum doloremque dolorum ipsum
eum ut numquam sapiente ipsam nam blanditiis ut quasi
facilis optio rerum qui temporibus esse excepturi eaque"
komentar,252,"exercitationem quisquam sed
eius et cum reiciendis deleniti non
perspiciatis aut voluptatum deserunt
sint dignissimos est sed architecto sed"
komentar,253,"debitis dignissimos ut illum
rerum voluptatem ut qui labore
optio quaerat iure
iste consequuntur praesentium vero blanditiis quibusdam aut"
komentar,254,"laboriosam voluptas aut quibusdam mollitia sunt non
dolores illum fugiat ex vero nemo aperiam porro quam
expedita est vel voluptatem sit voluptas consequuntur quis eligendi
omnis id nisi ducimus sapiente odit quam"
komentar,255,"nihil esse aut
debitis nostrum mollitia similique minus aspernatur possimus
omnis eaque non eveniet
rerum qui iure laboriosam"
komentar,256,"nemo deleniti sunt praesentium quis quam repellendus
consequatur non est ex fugiat distinctio aliquam explicabo
aspernatur omnis debitis sint consequatur
quo autem natus veritatis"
komentar,257,"facere at voluptatem
repellendus omnis perspiciatis placeat aspernatur nobis blanditiis ut deleniti
quis non cumque laborum sit id ratione vel sequi
facere doloremque beatae aut maxime non"
komentar,258,"aut cum sint qui facere blanditiis magnam consequuntur perspiciatis
harum impedit reprehenderit iste doloribus quia quo facere
et explicabo aut voluptate modi dolorem
rem aut nobis ut ad voluptatum ipsum eos maxime"
komentar,259,"itaque occaecati non aspernatur
velit repudiandae sit rerum esse quibusdam unde molestias
explicabo dolorem vero consequatur quis et libero
voluptatem totam vel sapiente autem dolorum consequuntur"
komentar,260,"aliquid molestias nemo aut est maxime
laboriosam et consequatur laudantium
commodi et corrupti
harum quasi minima ratione sint magni sapiente ut"
komentar,261,"sapiente qui est quod
debitis qui est optio consequuntur
alias hic amet ut non ad qui provident
quia provident aspernatur corrupti occaecati"
komentar,262,"similique harum iste ipsam non dolores facere esse
et beatae error necessitatibus laboriosam fugiat culpa esse occaecati
ut provident ut et dolorum nam
delectus impedit aut blanditiis fugiat est unde"
komentar,263,"debitis dolore est
ut eos velit accusamus
non nobis ipsa nemo quas facilis quia hic
officia quam et possimus voluptas voluptatem quisquam tempore delectus"
komentar,264,"consectetur maiores ab est qui aliquid porro
ipsa labore incidunt
iste deserunt quia aperiam quis sit perferendis
et sint iste"
komentar,265,"et quibusdam saepe labore delectus et earum quis perferendis
laborum soluta veritatis
ea veritatis quidem accusantium est aut porro rerum
quia est consequatur voluptatem numquam laudantium repellendus"
komentar,266,"non et voluptas
eaque atque esse qui molestias porro quam veniam voluptatibus
minima ut velit velit ut architecto deleniti
ab sint deserunt possimus quas velit et eum"
komentar,267,"magnam similique animi eos explicabo natus
provident cumque sit maxime velit
veritatis fuga esse dolor hic nihil nesciunt assumenda
aliquid vero modi alias qui quia doloribus est"
komentar,268,"velit earum perspiciatis ea recusandae nihil consectetur ut
maxime repellendus doloribus
aperiam ut ex ratione quia esse magni
ducimus rerum vel rerum officiis suscipit nihil qui"
komentar,269,"quos sed unde repudiandae aut porro dignissimos qui
occaecati sed alias enim
voluptates nesciunt sit ut adipisci est
expedita quae corrupti"
komentar,270,"quas placeat repudiandae a delectus facere exercitationem consectetur
facilis quas sequi est mollitia
est vero hic laudantium maiores
quisquam itaque aut maxime ut cumque quia doloremque voluptatem"
komentar,271,"quae eaque reprehenderit
suscipit facilis ut tenetur blanditiis sint occaecati
accusantium expedita sed nostrum
rerum sunt nam qui placeat consequatur et"
komentar,272,"consequuntur molestiae aut distinctio illo qui est sequi reprehenderit
hic accusamus et officiis reprehenderit culpa
est et numquam et
eius ipsa rerum velit"
komentar,273,"asperiores et minus non
dolor dolorem et sint et ipsam
et enim quia sequi
sed beatae culpa architecto nisi minima"
komentar,274,"quos illo consectetur dolores
cupiditate enim rerum dicta sequi totam
aspernatur sed praesentium
ipsum voluptates perspiciatis ipsa accusantium et et"
komentar,275,"error et quasi qui facilis enim eum adipisci iste
ad nostrum sint corporis quam velit necessitatibus a
eius doloribus optio ad qui molestiae
quaerat dignissimos voluptatem culpa aliquam explicabo commodi natus"
komentar,276,"dolores tempora totam quas maxime voluptatem voluptas excepturi
recusandae quis odio exercitationem in
consectetur sed aut
excepturi eligendi sint consectetur repellendus aperiam"
komentar,277,"nihil ratione aliquam recusandae ipsa sunt doloribus labore molestiae
officia cum aliquid repudiandae et error
inventore minima optio repellat aut
ea et maxime alias voluptas eius"
komentar,278,"corporis perferendis dolorum error quo rerum aut odio veritatis
sit deleniti aut eligendi quam doloremque aut ipsam sint
doloribus id voluptatem esse reprehenderit molestiae quia voluptatem
incidunt illo beatae nihil corporis eligendi iure quo"
komentar,279,"natus atque ipsum voluptatem et
necessitatibus atque quia asperiores animi odit ratione quos
est repellendus sit aut repudiandae animi aut
cum blanditiis repudiandae saepe laborum"
komentar,280,"perferendis fugit expedita cumque
exercitationem animi fugit aut earum
nihil quia illum eum dicta ut
quam commodi optio"
komentar,281,"eius voluptatem minus
et aliquid perspiciatis sint unde ut
similique odio ullam vitae quisquam hic ex consequatur aliquid
ab nihil explicabo sint maiores aut et dolores nostrum"
komentar,282,"ea consequatur placeat
quo omnis illum voluptatem
voluptatem fugit aut dolorum recusandae ut et
tenetur officia voluptas"
komentar,283,"perspiciatis omnis eum nihil et porro facilis fuga qui
deleniti id et velit adipisci fuga voluptatibus voluptatum
debitis tempore dolorem atque consequatur ea perspiciatis sed
qui temporibus doloremque"
komentar,284,"rem ut sed
non cumque corrupti vel nam rerum autem
nobis dolorem necessitatibus fugit corporis
quos sint distinctio ex et animi tempore"
komentar,285,"est accusamus facere
reprehenderit corporis ad et est fugit iure nulla et
doloribus reiciendis quasi autem voluptas
ipsam labore et pariatur quia"
komentar,286,"doloremque accusantium necessitatibus architecto ut provident
quaerat iusto eius omnis
fuga laborum harum totam sunt velit
aut neque corporis atque"
komentar,287,"voluptatem perspiciatis voluptatum quaerat
odit voluptates iure
quisquam magnam voluptates ut non qui
aliquam aut ut amet sit consequatur ut suscipit"
komentar,288,"est sed illo omnis delectus aut
laboriosam possimus incidunt est sunt at
nemo voluptas ex ipsam
voluptatibus inventore velit sit et numquam omnis accusamus in"
komentar,289,"occaecati tempora unde
maiores aliquid in
quo libero sint quidem at est facilis ipsa facere
nostrum atque harum"
komentar,290,"pariatur veniam repellat quisquam tempore autem et voluptatem itaque
ea impedit ex molestiae placeat hic harum mollitia dolorem
inventore accusantium aut quae quia rerum autem numquam
nulla culpa quasi dolor"
komentar,291,"nisi dicta numquam dolor
rerum sed quaerat et
sed sequi doloribus libero quos temporibus
blanditiis optio est tempore qui"
komentar,292,"eos officiis omnis ab laborum nulla saepe exercitationem recusandae
voluptate minima voluptatem sint
sunt est consequuntur dolor voluptatem odit
maxime similique deserunt et quod"
komentar,293,"fugiat dicta quasi voluptatibus ea aut est aspernatur sed
corrupti harum non omnis eos eaque quos ut
quia et et nisi rerum voluptates possimus quis
recusandae aperiam quia esse"
komentar,294,"ut est veritatis animi quos
nam sed dolor
itaque omnis nostrum autem molestiae
aut optio tempora ad sapiente quae voluptatem perferendis repellat"
komentar,295,"voluptatem est aspernatur consequatur vel facere
ut omnis tenetur non ea eos
quibusdam error odio
atque consectetur voluptatem eligendi"
komentar,296,"quasi dolorem veniam dignissimos
atque voluptas iure et quidem fugit velit et
quod magnam illum quia et ea est modi
aut quis dolores"
komentar,297,"eos exercitationem est ut voluptas accusamus qui
velit rerum ut
dolorem eaque omnis eligendi mollitia
atque ea architecto dolorum delectus accusamus"
komentar,298,"molestiae accusantium a tempore occaecati qui sunt optio eos
exercitationem quas eius voluptatem
omnis quibusdam autem
molestiae odio dolor quam laboriosam mollitia in quibusdam sunt"
komentar,299,"voluptatem omnis pariatur aut saepe enim qui
aut illo aut sed aperiam expedita debitis
tempore animi dolorem
ut libero et eos unde ex"
komentar,300,"dolorem fugit quidem animi quas quisquam reprehenderit
occaecati et dolor laborum nemo sed quas unde deleniti
facere eligendi placeat aliquid aspernatur commodi sunt impedit
neque corrupti alias molestiae magni tempora"
komentar,301,"dolore maxime saepe dolor asperiores cupiditate nisi nesciunt
vitae tempora ducimus vel eos perferendis
fuga sequi numquam blanditiis sit sed inventore et
ut possimus soluta voluptas nihil aliquid sed earum"
komentar,302,"fuga aut est delectus earum optio impedit qui excepturi
iusto consequatur deserunt soluta sunt
et autem neque
dolor ut saepe dolores assumenda ipsa eligendi"
komentar,303,"sit nesciunt id vitae ut itaque sapiente
neque in at consequuntur perspiciatis dicta consequatur velit
facilis iste ut error sed
in sequi expedita autem"
komentar,304,"minus ab quis nihil quia suscipit vel
perspiciatis sunt unde
aut ullam quo laudantium deleniti modi
rerum illo error occaecati vel officiis facere"
komentar,305,"repellendus quae labore sunt ut praesentium fuga reiciendis quis
corporis aut quis dolor facere earum
exercitationem enim sunt nihil asperiores expedita
eius nesciunt a sit sit"
komentar,306,"ab veritatis aspernatur molestiae explicabo ea saepe molestias sequi
beatae aut perferendis quaerat aut omnis illo fugiat
quisquam hic doloribus maiores itaque
voluptas amet dolorem blanditiis"
komentar,307,"sit tenetur aut eum quasi reiciendis dignissimos non nulla
repellendus ut quisquam
numquam provident et repellendus eum nihil blanditiis
beatae iusto sed eius sit sed doloremque exercitationem nihil"
komentar,308,"officiis ipsa exercitationem impedit dolorem repellat adipisci qui
atque illum sapiente omnis et
nihil esse et eum facilis aut impedit
maxime ullam et dolorem"
komentar,309,"impedit qui nemo
reprehenderit sequi praesentium ullam veniam quaerat optio qui error
aperiam qui quisquam dolor est blanditiis molestias rerum et
quae quam eum odit ab quia est ut"
komentar,310,"quae quis qui ab rerum non hic
consequatur earum facilis atque quas dolore fuga ipsam
nihil velit quis
rerum sit nam est nulla nihil qui excepturi et"
komentar,311,"officia provident libero explicabo tempora velit eligendi mollitia similique
rerum sit aut consequatur ullam tenetur qui est vero
rerum est et explicabo
sit sunt ea exercitationem molestiae"
komentar,312,"ipsa id eum dolorum et officiis
saepe eos voluptatem
nesciunt quos voluptas temporibus dolores ad rerum
non voluptatem aut fugit"
komentar,313,"corporis quo magnam sunt rerum enim vel
repudiandae suscipit corrupti ut ab qui debitis quidem adipisci
distinctio voluptatibus vitae molestias incidunt laboriosam quia quidem facilis
quia architecto libero illum ut dicta"
komentar,314,"sunt cupiditate commodi est pariatur incidunt quis
suscipit saepe magnam amet enim
quod quis neque
et modi rerum asperiores consequatur reprehenderit maiores"
komentar,315,"repudiandae dolores nam quas
et incidunt odio dicta eum vero dolor quidem
dolorem quisquam cumque
molestiae neque maxime rerum deserunt nam sequi"
komentar,316,"consequatur qui doloribus et rerum
debitis cum dolorem voluptate qui fuga
necessitatibus quod temporibus non voluptates
aut saepe molestiae"
komentar,317,"quam iste aut molestiae nesciunt modi
atque quo laudantium vel tempora quam tenetur neque aut
et ipsum eum nostrum enim laboriosam officia eligendi
laboriosam libero ullam sit nulla voluptate in"
komentar,318,"distinctio placeat nisi repellat animi
sed praesentium voluptatem
placeat eos blanditiis deleniti natus eveniet dolorum quia tempore
pariatur illum dolor aspernatur ratione tenetur autem ipsum fugit"
komentar,319,"occaecati quia ipsa id fugit sunt velit iure adipisci
ullam inventore quidem dolorem adipisci optio quia et
quis explicabo omnis ipsa quo ut voluptatem aliquam inventore
minima aut tempore excepturi similique"
komentar,320,"nihil consequatur dolorem voluptatem non molestiae
odit eum animi
ipsum omnis ut quasi
voluptas sed et et qui est aut"
komentar,321,"ea necessitatibus eum nesciunt corporis
minus in quisquam iste recusandae
qui nobis deleniti asperiores non laboriosam sunt molestiae dolore
distinctio qui officiis tempora dolorem ea"
komentar,322,"id molestiae doloribus
omnis atque eius sunt aperiam
tenetur quia natus nihil sunt veritatis recusandae quia
corporis quam omnis veniam voluptas amet quidem illo deleniti"
komentar,323,"explicabo dicta quas cum quis rerum dignissimos et
magnam sit mollitia est dolor voluptas sed
ipsum et tenetur recusandae
quod facilis nulla amet deserunt"
komentar,324,"ipsam eum ea distinctio
ducimus saepe eos quaerat molestiae
corporis aut officia qui ut perferendis
itaque possimus incidunt aut quis"
komentar,325,"qui vero recusandae
porro esse sint doloribus impedit voluptatem commodi
asperiores laudantium ut dolores
praesentium distinctio magnam voluptatum aut"
komentar,326,"perspiciatis vero nulla aut consequatur fuga earum aut
nemo suscipit totam vitae qui at omnis aut
incidunt optio dolorem voluptatem vel
assumenda vero id explicabo deleniti sit corrupti sit"
komentar,327,"consequatur ut aut placeat harum
quia perspiciatis unde doloribus quae non
ut modi ad unde ducimus omnis nobis voluptatem atque
magnam reiciendis dolorem et qui explicabo"
komentar,328,"molestiae minima aut rerum nesciunt
vitae iusto consequatur architecto assumenda dolorum
non doloremque tempora possimus qui mollitia omnis
vitae odit sed"
komentar,329,"nulla corrupti delectus est cupiditate explicabo facere
sapiente quo id quis illo culpa
ut aut sit error magni atque asperiores soluta
aut cumque voluptatem occaecati omnis aliquid"
komentar,330,"dolores tenetur rerum et aliquam
culpa officiis ea rem neque modi quaerat deserunt
molestias minus nesciunt iusto impedit enim laborum perferendis
velit minima itaque voluptatem fugiat"
komentar,331,"maxime incidunt velit quam vel fugit nostrum veritatis
et ipsam nisi voluptatem voluptas cumque tempora velit et
et quisquam error
maiores fugit qui dolor sit doloribus"
komentar,332,"voluptas iste deleniti
est itaque vel ea incidunt quia voluptates sapiente repellat
aut consectetur vel neque tempora esse similique sed
a qui nobis voluptate hic eligendi doloribus molestiae et"
komentar,333,"et dolor error doloremque
odio quo sunt quod
est ipsam assumenda in veniam illum rerum deleniti expedita
voluptate hic nostrum sed dolor et qui"
komentar,334,"et voluptatibus est et aperiam quaerat voluptate eius quo
nihil voluptas doloribus et ea tempore
labore non dolorem
optio consequatur est id quia magni voluptas enim"
komentar,335,"hic et et aspernatur voluptates voluptas ut ut id
excepturi eligendi aspernatur nulla dicta ab
suscipit quis distinctio nihil
temporibus unde quasi expedita et inventore consequatur rerum ab"
komentar,336,"similique autem voluptatem ab et et
odio animi repellendus libero voluptas voluptas quia
libero facere saepe nobis
consequatur et qui non hic ea maxime nihil"
komentar,337,"est ut aut ut omnis distinctio
illum quisquam pariatur qui aspernatur vitae
dolor explicabo architecto veritatis ipsa et aut est molestiae
ducimus et sapiente error sed omnis"
komentar,338,"maiores totam quo atque
explicabo perferendis iste facilis odio ab eius consequatur
sit praesentium ea vitae optio minus
voluptate necessitatibus omnis itaque omnis qui"
komentar,339,"dicta dolorem veniam ipsa harum minus sequi
omnis quia voluptatem autem
est optio doloribus repellendus id commodi quas exercitationem eum
et eum dignissimos accusamus est eaque doloremque"
komentar,340,"est aut consequatur error illo ut
enim nihil fuga
suscipit inventore officiis iure earum pariatur temporibus in
aperiam qui quod vel necessitatibus velit eos exercitationem culpa"
komentar,341,"iure ea ea neque est
esse ab sed hic et ullam sed sequi a
non hic tenetur sunt enim ea
laudantium ea natus"
komentar,342,"quis beatae qui
sequi dicta quas et dolor
non enim aspernatur excepturi aut rerum asperiores
aliquid animi nulla ea tempore esse"
komentar,343,"ea alias eos et corrupti
voluptatem ab incidunt
voluptatibus voluptas ea nesciunt
totam corporis dolor recusandae voluptas harum"
komentar,344,"iusto nihil quae rerum laborum recusandae voluptatem et necessitatibus
ut deserunt cumque qui qui
non et et eos adipisci cupiditate dolor sed voluptates
maiores commodi eveniet consequuntur"
komentar,345,"omnis et fugit eos sint saepe ipsam unde est
dolores sit sit assumenda laboriosam
dolor deleniti voluptatem id nesciunt et
placeat dolorem cumque laboriosam sunt non"
komentar,346,"quas non magnam
quia veritatis assumenda reiciendis
similique dolores est ab
praesentium fuga ut"
komentar,347,"consectetur illo corporis sit labore optio quod
qui occaecati aut sequi quia
officiis quia aut odio quo ad
rerum tenetur aut quasi veniam"
komentar,348,"perferendis dignissimos soluta ut provident sit et
delectus ratione ad sapiente qui excepturi error qui quo
quo illo commodi
rerum maxime voluptas voluptatem"
komentar,349,"dicta impedit non
et laborum laudantium qui eaque et beatae suscipit
sequi magnam rem dolorem non quia vel adipisci
corrupti officiis laudantium impedit"
komentar,350,"eaque rerum tempore distinctio
consequatur fugiat veniam et incidunt ut ut et
consequatur blanditiis magnam
doloremque voluptate ut architecto facere in dolorem et aut"
komentar,351,"quo nisi impedit velit repellendus esse itaque ut saepe
voluptatibus occaecati ab eaque dolores
maxime alias velit ducimus placeat sit laudantium quia
corrupti doloremque ut"
komentar,352,"dolorem eius voluptatem vitae aliquid unde labore est
molestiae labore dolorem beatae voluptatem soluta eum eos dolore
et ea quasi aut doloribus sint
vel suscipit tempora delectus soluta"
komentar,353,"nemo aut laborum expedita nisi sed illum
ab asperiores provident
a sunt recusandae ut rerum itaque est voluptatibus nihil
esse ipsum et repellendus nobis rerum voluptas et"
komentar,354,"delectus est consequatur
at excepturi asperiores dolor nesciunt ad
id non aut ad ut
non et voluptatem"
komentar,355,"vel cumque labore vitae quisquam magnam sequi ut
molestiae dolores vel minus aut
quas repellat nostrum fugit molestiae veritatis sequi
vel quidem in molestiae id doloribus sed"
komentar,356,"fugiat dolore voluptas tempore
aspernatur quibusdam rem iste sit fugiat nesciunt consequatur
dolor sed odit similique minima corporis quae in adipisci
impedit dolores et cupiditate accusantium perferendis dignissimos error"
komentar,357,"et eos est quis quia molestiae est
quasi est quos omnis
aut et sit consectetur ex molestiae
est sed accusamus asperiores"
komentar,358,"unde ad id nemo ipsam dolorem autem quaerat
perspiciatis voluptas corrupti laborum rerum est architecto
eius quos aut et voluptate voluptatem atque necessitatibus
voluptate fugiat aut iusto et atque"
komentar,359,"et explicabo voluptatem ut est nihil culpa et
veritatis repellendus ipsum velit qui eligendi maxime voluptatem est
dicta rerum et et nemo quia
eveniet aspernatur nostrum molestiae mollitia ut dolores rem fugiat"
komentar,360,"sit et aut recusandae
corrupti nisi vero eius nulla voluptates
voluptatem placeat est commodi impedit odio omnis
similique debitis et in molestiae omnis sed non magni"
komentar,361,"cum ad porro fuga sequi dolores
ipsa error magni itaque labore accusamus
corporis odit consequatur quis debitis
cum et voluptas facilis incidunt ut itaque dolores error"
komentar,362,"excepturi omnis occaecati officiis enim saepe id
non quo et dignissimos voluptates ipsum
molestias facere dolorem qui iure similique corrupti
neque ducimus sit alias dolor earum autem doloribus consequatur"
komentar,363,"est magni totam est
et enim nam voluptas veritatis est
sint doloremque incidunt et cum a
et eligendi nobis ratione delectus"
komentar,364,"architecto quo enim ad et reprehenderit
laboriosam quia commodi officia iusto
dolorem totam consequuntur cupiditate
veritatis voluptates aspernatur earum saepe et sed consequatur"
komentar,365,"modi sed aut quidem quisquam optio est
aut facilis sit quia quis facere quod
fugiat recusandae ex et quisquam ipsum sed sit
exercitationem quia recusandae dolorem quasi iusto ipsa qui et"
komentar,366,"explicabo perspiciatis quae sit qui nulla incidunt facilis
repudiandae perspiciatis voluptate expedita sunt consectetur quasi
id occaecati nesciunt dolorem aliquid perspiciatis repellat inventore esse
ut possimus exercitationem facere modi"
komentar,367,"nostrum modi et et dolores maxime facere
alias doloribus eaque expedita et similique voluptatum magnam est
omnis eos voluptatem
et unde fugit voluptatem asperiores"
komentar,368,"est dolor eveniet
est minus eveniet recusandae
iure quo aut eos ut sed ipsa
harum earum aut nesciunt non dolores"
komentar,369,"qui fugit accusamus
et quo minus cumque hic adipisci
odio blanditiis omnis et est
architecto et facilis inventore quasi provident quaerat ex rem"
komentar,370,"beatae hic est et deserunt eius
corrupti quam ut commodi sit modi est corporis animi
harum ut est
aperiam non fugit excepturi quo tenetur totam"
komentar,371,"est dicta totam architecto et minus id aut non
ut et fugit eaque culpa modi repellendus
aliquid qui veritatis doloribus aut consequatur voluptas sequi accusantium
voluptas occaecati saepe reprehenderit ut"
komentar,372,"aut illum est asperiores
rerum laboriosam quis sit dolores magni minima fuga atque
omnis at et quibusdam earum rem
earum distinctio autem et enim dolore eos"
komentar,373,"iure aliquid qui sit
excepturi dolorem rerum possimus suscipit atque nisi
labore ut aut nihil voluptatum ut aliquid praesentium
assumenda tempore dolor velit ratione et corrupti"
komentar,374,"eligendi et consequuntur dolor nihil quaerat doloremque ut
dignissimos sunt veniam non ratione esse
debitis omnis similique maxime dolores tempora laborum rerum adipisci
reiciendis explicabo error quidem quo necessitatibus voluptatibus vitae ipsum"
komentar,375,"non ea sed reprehenderit reiciendis eaque et neque adipisci
ipsa architecto deserunt ratione nesciunt tempore similique occaecati non
hic vitae sit neque
rerum quod dolorem ratione esse aperiam necessitatibus"
komentar,376,"sint qui aut aspernatur necessitatibus
laboriosam autem occaecati nostrum non
officiis consequuntur odit
et itaque quam placeat aut molestiae saepe veniam provident"
komentar,377,"sint fugit et
id et saepe non molestiae sit earum doloremque
dolorem nemo earum dignissimos ipsa soluta deleniti quos
quis numquam ducimus sed corporis dolores sed quisquam suscipit"
komentar,378,"est molestiae non fugiat voluptatem quo porro
aut praesentium ipsam aspernatur perferendis fuga
officia sit ut
aspernatur rerum est"
komentar,379,"laboriosam quia animi ut
quasi aut enim sequi numquam similique fugiat voluptatum non
sed velit quod nisi id quidem
magni in eveniet hic"
komentar,380,"voluptatum quis ipsa voluptatem saepe est
illum error repellat eaque dolor quae qui
eum rerum sunt quam illo
voluptates fuga possimus nemo nihil distinctio"
komentar,381,"consequatur possimus sit itaque distinctio fugit aut quod
explicabo exercitationem voluptas labore rerum
porro ut in voluptas maiores tempora accusantium
voluptatum et sapiente sit quas quis et veniam"
komentar,382,"eaque eius delectus molestias suscipit nulla quisquam
totam vel quos et autem sed
eligendi et pariatur earum molestias magnam autem
placeat culpa est et qui commodi illo et"
komentar,383,"qui quaerat id repellendus aut qui
maiores quidem consequatur dignissimos deleniti deserunt eveniet libero a
repellat ducimus quia aut dignissimos numquam molestiae
consequatur sit impedit nostrum et sunt iure"
komentar,384,"blanditiis dolor sint nulla cum quidem aliquid voluptatem
perferendis dolor consequatur voluptas et ut quisquam tempora tenetur
maxime minus animi qui id
eum accusantium et optio et blanditiis maxime"
komentar,385,"sit fugiat est autem quia ipsam error ab
voluptatem sed ab labore molestiae qui debitis exercitationem
non et sunt officia illo possimus iste tenetur est
dolores voluptas ad aspernatur nihil"
komentar,386,"et dicta dolores sit
repudiandae id harum temporibus
voluptas quia blanditiis numquam a enim quae
quisquam assumenda nam doloribus vel temporibus distinctio eveniet dolores"
komentar,387,"qui recusandae veniam sed voluptatem ullam facilis consequatur
numquam ut quod aut et
non alias ex quam aut quasi ipsum praesentium
ut aspernatur sit"
komentar,388,"facilis et totam
voluptatibus est optio cum
facilis qui aut blanditiis rerum voluptatem accusamus
et omnis quasi sint"
komentar,389,"dolore nihil perferendis
dolor hic repudiandae iste
doloribus labore quaerat et molestiae dolores sit excepturi sint
et eum et aut"
komentar,390,"dolor ratione ab repellendus aut quia reiciendis sed
est alias ex
odio voluptatem velit odit tempora nihil optio aperiam blanditiis
labore porro id velit dolor veritatis"
komentar,391,"aut repellat tenetur delectus eaque est nihil consequatur quae
deleniti assumenda voluptates sit sit cupiditate maiores
autem suscipit sint tenetur dolor tempore
dolorem dolorum alias adipisci"
komentar,392,"aut aut ea ut repudiandae ea assumenda laboriosam
sunt qui laboriosam dicta omnis sit corporis
voluptas eos amet quam quisquam officiis facilis laborum
voluptatibus accusantium ab aliquid sed id doloremque"
komentar,393,"et quia explicabo
ut hic commodi quas provident aliquam nihil
vitae in voluptatem commodi
vero velit optio omnis accusamus corrupti voluptatem"
komentar,394,"voluptatem quisquam pariatur voluptatum qui quaerat
et minus ea aliquam ullam dolorem consequatur
ratione at ad nemo aperiam excepturi deleniti
qui numquam quis hic nostrum tempora quidem"
komentar,395,"esse vel reiciendis nobis inventore vero est
fugit inventore ea quo consequatur aut
autem deserunt ratione et repellendus nihil quam
quidem iure est nihil mollitia"
komentar,396,"perferendis veritatis saepe voluptatem
eum voluptas quis
sed occaecati nostrum
fugit animi omnis ratione molestias"
komentar,397,"ut nisi sunt perspiciatis qui doloribus quas
velit molestiae atque corrupti corporis voluptatem
vel ratione aperiam tempore est eos
quia a voluptas"
komentar,398,"libero atque accusamus blanditiis minima eveniet corporis est aliquid
dolores asperiores neque quibusdam quaerat error esse non
qui et adipisci
magni illo hic qui qui dignissimos earum"
komentar,399,"corrupti ut et eveniet culpa
veritatis eos sequi fugiat commodi consequuntur
ipsa totam voluptatem perferendis ducimus aut exercitationem magni
eos mollitia quia"
komentar,400,"natus iure velit impedit sed officiis sint
molestiae non beatae
illo consequatur minima
sed ratione est tenetur"
komentar,401,"sit delectus recusandae qui
et cupiditate sed ipsum culpa et fugiat ab
illo dignissimos quo est repellat dolorum neque
voluptates sed sapiente ab aut rerum enim sint voluptatum"
komentar,402,"et nisi fugit totam
maiores voluptatibus quis ipsa sunt debitis assumenda
ullam non quasi numquam ut dolores modi recusandae
ut molestias magni est voluptas quibusdam corporis eius"
komentar,403,"et a et perspiciatis
autem expedita maiores dignissimos labore minus molestiae enim
et ipsam ea et
perspiciatis veritatis debitis maxime"
komentar,404,"modi est et eveniet facilis explicabo
voluptatem saepe quo et sint quas quia corporis
pariatur voluptatibus est iste fugiat delectus animi rerum
doloribus est enim"
komentar,405,"aut aut sit cupiditate maxime praesentium occaecati cumque
vero sint sit aliquam porro quo consequuntur ut
numquam qui maxime voluptas est consequatur ullam
tenetur commodi qui consectetur distinctio eligendi atque"
komentar,406,"dicta in quam tenetur
sed molestiae a sit est aut quia autem aut
nam voluptatem reiciendis corporis voluptatem
sapiente est id quia explicabo enim tempora asperiores"
komentar,407,"totam ad quia non vero dolor laudantium sed temporibus
quia aperiam corrupti sint accusantium eligendi
aliquam rerum voluptatem delectus numquam nihil
soluta qui sequi nisi voluptatum eaque voluptas animi ipsam"
komentar,408,"suscipit quidem fugiat consequatur
quo sequi nesciunt
aliquam ratione possimus
voluptatem sit quia repellendus libero excepturi ut temporibus"
komentar,409,"provident illo quis dolor distinctio laborum eius enim
suscipit quia error enim eos consequuntur
est incidunt adipisci beatae tenetur excepturi in labore commodi
fugiat omnis in et at nam accusamus et"
komentar,410,"in consequatur corporis qui a et magni eum illum
corrupti veniam debitis ab iure harum
enim ut assumenda cum adipisci veritatis et veniam
rem eius expedita quos corrupti incidunt"
komentar,411,"nam voluptatem ex aut voluptatem mollitia sit sapiente
qui hic ut
qui natus in iste et magnam dolores et fugit
ea sint ut minima quas eum nobis at reprehenderit"
komentar,412,"veniam non culpa aut voluptas rem eum officiis
mollitia placeat eos cum
consequatur eos commodi dolorem
animi maiores qui"
komentar,413,"consequatur harum est omnis
qui recusandae qui voluptatem et distinctio sint eaque
dolores quo dolorem asperiores
aperiam non quis asperiores aut praesentium"
komentar,414,"molestias debitis magni illo sint officiis ut quia
sed tenetur dolorem soluta
voluptatem fugiat voluptas molestiae magnam fuga
similique enim illum voluptas aspernatur officia"
komentar,415,"iure vitae accusamus tenetur autem ipsa deleniti
sunt laudantium ut beatae repellendus non eos
ut consequuntur repudiandae ducimus enim
reiciendis rem explicabo magni dolore"
komentar,416,"enim velit consequatur excepturi corporis voluptatem nostrum
nesciunt alias perspiciatis corporis
neque at eius porro sapiente ratione maiores natus
facere molestiae vel explicabo voluptas unde"
komentar,417,"et vitae consectetur ut voluptatem
et et eveniet sit
incidunt tenetur voluptatem
provident occaecati exercitationem neque placeat"
komentar,418,"animi est eveniet officiis qui
aperiam dolore occaecati enim aut reiciendis
animi ad sint labore blanditiis adipisci voluptatibus eius error
omnis rerum facere architecto occaecati rerum"
komentar,419,"cum neque recusandae occaecati aliquam reprehenderit ullam saepe veniam
quasi ea provident tenetur architecto ad
cupiditate molestiae mollitia molestias debitis eveniet doloremque voluptatem aut
dolore consequatur nihil facere et"
komentar,420,"voluptas cum eum minima rem
dolorem et nemo repellendus voluptatem sit
repudiandae nulla qui recusandae nobis
blanditiis perspiciatis dolor ipsam reprehenderit odio"
komentar,421,"voluptate libero corrupti facere totam eaque consequatur nemo
enim aliquid exercitationem nulla dignissimos illo
est amet non iure
amet sed dolore non ipsam magni"
komentar,422,"ducimus ut ut fugiat nesciunt labore
deleniti non et aut voluptatum quidem consectetur
incidunt voluptas accusantium
quo fuga eaque quisquam et et sapiente aut"
komentar,423,"rerum laborum voluptas ipsa enim praesentium
quisquam aliquid perspiciatis eveniet id est est facilis
atque aut facere
provident reiciendis libero atque est"
komentar,424,"ducimus hic ea velit
dolorum soluta voluptas similique rerum
dolorum sint maxime et vel
voluptatum nesciunt et id consequatur earum sed"
komentar,425,"labore necessitatibus et eum quas id ut
doloribus aspernatur nostrum sapiente quo aut quia
eos rerum voluptatem
numquam minima soluta velit recusandae ut"
komentar,426,"reiciendis consequatur sunt atque quisquam ut sed iure
consequatur laboriosam dicta odio
quas cumque iure blanditiis ad sed ullam dignissimos
sunt et exercitationem saepe"
komentar,427,"in laborum et distinctio nobis maxime
maxime id commodi eaque enim amet qui autem
debitis et porro eum dicta sapiente iusto nulla sunt
voluptate excepturi sint dolorem voluptatem quae explicabo id"
komentar,428,"excepturi quos omnis aliquam voluptatem iste
sit unde ab quam ipsa delectus culpa rerum
cum delectus impedit ut qui modi
asperiores qui sapiente quia facilis in iure"
komentar,429,"ab voluptatem nobis unde
doloribus aut fugiat
consequuntur laboriosam minima inventore sint quis
delectus hic et enim sit optio consequuntur"
komentar,430,"debitis ut maiores ut harum sed voluptas
quae amet eligendi quo quidem odit atque quisquam animi
ut autem est corporis et
sed tempora facere corrupti magnam"
komentar,431,"voluptas minus fugiat vel
est quos soluta et veniam quia incidunt unde ut
laborum odio in eligendi distinctio odit repellat
nesciunt consequatur blanditiis cupiditate consequatur at et"
komentar,432,"quam et et harum
placeat minus neque quae magni inventore saepe deleniti quisquam
suscipit dolorum error aliquid dolores
dignissimos dolorem autem natus iste molestiae est id impedit"
komentar,433,"voluptatem minus asperiores quasi
perspiciatis et aut blanditiis illo deserunt molestiae ab aperiam
ex minima sed omnis at
et repellat aut incidunt"
komentar,434,"ex eum at culpa quam aliquam
cupiditate et id dolorem sint quasi et quos et
omnis et qui minus est quisquam non qui rerum
quas molestiae tempore veniam"
komentar,435,"reprehenderit molestias sit nemo quas culpa dolorem exercitationem
eos est voluptatem dolores est fugiat dolorem
eos aut quia et amet et beatae harum vitae
officia quia animi dicta magnam accusantium"
komentar,436,"sit non facilis commodi sapiente officiis aut facere libero
sed voluptatum eligendi veniam velit explicabo
sint laborum sunt reprehenderit dolore id nobis accusamus
fugit voluptatem magni dolor qui dolores ipsa"
komentar,437,"suscipit ab qui eos et commodi
quas ad maiores repellat laboriosam voluptatem exercitationem
quibusdam ullam ratione nulla
quia iste error dolorem consequatur beatae temporibus fugit"
komentar,438,"voluptas aspernatur eveniet
quod id numquam dolores quia perspiciatis eum
et delectus quia occaecati adipisci nihil velit accusamus esse
minus aspernatur repudiandae"
komentar,439,"cupiditate laborum sit reprehenderit ratione est ad
corporis rem pariatur enim et omnis dicta
nobis molestias quo corporis et nihil
sed et impedit aut quisquam natus expedita voluptate at"
komentar,440,"ut nam ut asperiores quis
exercitationem aspernatur eligendi autem repellendus
est repudiandae quisquam rerum ad explicabo suscipit deserunt eius
alias aliquid eos pariatur rerum magnam provident iusto"
komentar,441,"illum qui quis optio
quasi eius dolores et non numquam et
qui necessitatibus itaque magnam mollitia earum et
nisi voluptate eum accusamus ea"
komentar,442,"velit ut incidunt accusantium
suscipit animi officia iusto
nemo omnis sunt nobis repellendus corporis
consequatur distinctio dolorem"
komentar,443,"reiciendis et distinctio qui totam non aperiam voluptas
veniam in dolorem pariatur itaque
voluptas adipisci velit
qui voluptates voluptas ut ullam veritatis repudiandae"
komentar,444,"eligendi labore aut non modi vel facere qui
accusamus qui maxime aperiam
totam et non ut repudiandae eum corrupti pariatur quia
necessitatibus et adipisci ipsa consequuntur enim et nihil vero"
komentar,445,"est consequuntur cumque
quo dolorem at ut dolores
consequatur quia voluptates reiciendis
vel rerum id et"
komentar,446,"cum fugit earum vel et nulla et voluptatem
et ipsam aut
et nihil officia nemo eveniet accusamus
nulla aut impedit veritatis praesentium"
komentar,447,"rerum omnis voluptatem harum aliquid voluptas accusamus
eius dicta animi
odio non quidem voluptas tenetur
nostrum deserunt laudantium culpa dolorum"
komentar,448,"odio maxime beatae ab labore rerum
alias ipsa nam est nostrum
et debitis aut
ab molestias assumenda eaque repudiandae"
komentar,449,"dolor at accusantium eveniet
in voluptatem quam et fugiat et quasi dolores
sunt eligendi voluptatum id voluptas vitae
quibusdam iure eum perspiciatis"
komentar,450,"et provident quo necessitatibus harum excepturi
sed est ut sed est doloremque labore quod
quia optio explicabo adipisci magnam doloribus
veritatis illo aut est inventore"
komentar,451,"dolor veritatis ipsum accusamus quae voluptates sint voluptatum et
harum saepe dolorem enim
expedita placeat qui quidem aut et et est
minus odit qui possimus qui saepe"
komentar,452,"ratione sequi sed
earum nam aut sunt
quam cum qui
similique consequatur et est"
komentar,453,"quidem nisi reprehenderit eligendi fugiat et et
sapiente adipisci natus nulla similique et est
esse ea accusantium sunt
deleniti molestiae perferendis quam animi similique ut"
komentar,454,"consequatur accusamus maiores dolorem impedit repellendus voluptas rerum eum
quam quia error voluptatem et
dignissimos fugit qui
et facilis necessitatibus dignissimos consequatur iusto nihil possimus"
komentar,455,"animi qui nostrum rerum velit
voluptates sit in laborum dolorum omnis ut omnis
ea optio quia necessitatibus delectus molestias sapiente perferendis
dolores vel excepturi expedita"
komentar,456,"sunt ipsam illum consequuntur
quasi enim possimus unde qui beatae quo eligendi
vel quia asperiores est quae voluptate
aperiam et iste perspiciatis"
komentar,457,"incidunt itaque enim pariatur quibusdam voluptatibus blanditiis sint
error laborum voluptas sed officiis molestiae nostrum
temporibus culpa aliquam sit
consectetur dolores tempore id accusantium dignissimos vel"
komentar,458,"eos hic deserunt necessitatibus sed id ut esse nam
hic eveniet vitae corrupti mollitia doloremque sit ratione
deleniti perspiciatis numquam est sapiente quaerat
est est sit"
komentar,459,"veniam natus aut vero et aliquam doloremque
alias cupiditate non est
tempore et non vel error placeat est quisquam ea
non dolore aliquid non fuga expedita dicta ut quos"
komentar,460,"qui qui deserunt expedita at
provident sequi veritatis sit qui nam tempora mollitia ratione
corporis vitae rerum pariatur unde deleniti ut eos ad
aut non quae nisi saepe"
komentar,461,"eos quidem temporibus eum
est ipsa sunt illum a facere
omnis suscipit dolorem voluptatem incidunt
tenetur deleniti aspernatur at quis"
komentar,462,"adipisci et accusantium hic deserunt voluptates consequatur omnis
quod dolorem voluptatibus quis velit laboriosam mollitia illo et
iure aliquam dolorem nesciunt laborum
aperiam labore repellat et maxime itaque"
komentar,463,"voluptate officiis nihil laudantium sint autem adipisci
aspernatur voluptas debitis nam omnis ut non eligendi
aliquam vel commodi velit officiis laboriosam corporis
quas aliquid aperiam autem"
komentar,464,"consequatur aliquam illum quis
facere vel voluptatem rem sint atque
in nam autem impedit dolores enim
soluta rem adipisci odit sint voluptas aliquam"
komentar,465,"ex corrupti ut pariatur voluptas illo labore non voluptates
voluptas sint et est impedit cum
in fugiat cumque eum id rerum error
ut rerum voluptates facilis molestiae et labore voluptatem corrupti"
komentar,466,"aut dignissimos eos facere velit totam
eaque aut voluptas ex similique ut ipsa est
voluptates ut tempora
quis commodi officia et consequatur cumque delectus"
komentar,467,"deleniti fuga hic autem
sed rerum non voluptate sit totam consequuntur illo
quasi quod aut ducimus dolore distinctio molestias
non velit quis debitis cumque voluptas"
komentar,468,"facilis repellendus inventore aperiam corrupti saepe culpa velit
dolores sint ut
aut quis voluptates iure et a
neque harum quia similique sunt eum voluptatem a"
komentar,469,"dolor unde numquam distinctio
ducimus eum hic rerum non expedita
dolores et dignissimos rerum
perspiciatis et porro est minus"
komentar,470,"molestias incidunt eaque
numquam reprehenderit rerum ut ex ad
omnis porro maiores quaerat harum nihil non quasi ea
asperiores quisquam sunt fugiat eos natus iure adipisci"
komentar,471,"quia non dolor
corporis consectetur velit eos quis
incidunt ut eos nesciunt repellendus voluptas voluptate sint neque
doloribus est minima autem quis velit illo ea neque"
komentar,472,"et necessitatibus earum qui velit id explicabo harum optio
dolor dolores reprehenderit in
a itaque odit esse et et id
possimus est ut consequuntur velit autem iure ut"
komentar,473,"quod corrupti eum quisquam rerum accusantium tempora
reprehenderit qui voluptate et sunt optio et
iusto nihil amet omnis labore cumque quo
saepe omnis aut quia consectetur"
komentar,474,"tempora sint qui iste itaque non neque qui suscipit
enim quas rerum totam impedit
esse nulla praesentium natus explicabo doloremque atque maxime
mollitia impedit dolorem occaecati officia in provident eos"
komentar,475,"ut in nostrum
ut et incidunt et minus nulla perferendis libero delectus
nulla nemo deleniti
deleniti facere autem vero velit non molestiae assumenda"
komentar,476,"officia quas aut culpa eum
eaque quia rem unde ea quae reiciendis omnis
excepturi nemo est vel sequi accusantium tenetur at earum
et rerum quisquam temporibus cupiditate"
komentar,477,"nulla veniam quo consequuntur ullam
autem nisi error aut facere distinctio rerum quia tempore
velit distinctio occaecati ducimus
ratione similique doloribus"
komentar,478,"non similique illo
quia et rem placeat reprehenderit voluptas
velit officiis fugit blanditiis nihil
ab deserunt ullam"
komentar,479,"totam explicabo harum quam impedit sunt
doloremque consectetur id et minima eos incidunt quibusdam omnis
saepe maiores officiis eligendi alias sint est aut cumque
debitis cumque hic aut ut dolorum"
komentar,480,"tenetur qui ut
architecto officiis voluptatem velit eos molestias incidunt eum dolorum
distinctio quam et
sequi consequatur nihil voluptates animi"
komentar,481,"dignissimos nobis vitae corporis delectus eligendi et ut ut
amet laudantium neque
et quia cupiditate debitis aliquid
dolorem aspernatur libero aut autem quo et"
komentar,482,"aliquid natus voluptas doloremque fugiat ratione adipisci
unde eum facilis enim omnis ipsum nobis nihil praesentium
ut blanditiis voluptatem veniam
tenetur fugit et distinctio aspernatur"
komentar,483,"quos aut rerum nihil est et
dolores commodi voluptas voluptatem excepturi et
et expedita dignissimos atque aut reprehenderit
quis quo soluta"
komentar,484,"vel libero quo sit vitae
id nesciunt ipsam non a aut enim itaque totam
illum est cupiditate sit
nam exercitationem magnam veniam"
komentar,485,"soluta quia porro mollitia eos accusamus
voluptatem illo perferendis earum quia
quo sed ipsam in omnis cum earum tempore eos
voluptatem illum doloremque corporis ipsam facere"
komentar,486,"iste maxime et molestiae
qui aliquam doloremque earum beatae repellat
in aut eum libero eos itaque pariatur exercitationem
vel quam non"
komentar,487,"sint delectus nesciunt ipsum et aliquid et libero
aut suscipit et molestiae nemo pariatur sequi
repudiandae ea placeat neque quas eveniet
mollitia quae laboriosam"
komentar,488,"aut sunt recusandae laboriosam omnis asperiores et
nulla ipsum rerum quis doloremque rerum optio mollitia provident
sed iste aut id
numquam repudiandae veritatis"
komentar,489,"et dolorem sit
reprehenderit sapiente occaecati iusto sit impedit nobis ut quia
maiores debitis pariatur nostrum et aut
assumenda error qui deserunt laborum quaerat et"
komentar,490,"minus nihil sunt dolor
ipsum a illum quis
quasi officiis cupiditate architecto sit consequatur ut
et sed quasi quam doloremque"
komentar,491,"natus commodi debitis cum ex rerum alias quis
maxime fugiat fugit sapiente distinctio nostrum tempora
possimus quod vero itaque enim accusantium perferendis
fugit ut eum labore accusantium voluptas"
komentar,492,"iure deleniti aut consequatur necessitatibus
id atque voluptas mollitia
voluptates doloremque dolorem
repudiandae hic enim laboriosam consequatur velit minus"
komentar,493,"est eos doloremque autem
similique sint fuga atque voluptate est
minus tempore quia asperiores aliquam et corporis voluptatem
consequatur et eum illo aut qui molestiae et amet"
komentar,494,"est illum quia alias ipsam minus
ut quod vero aut magni harum quis
ab minima voluptates nemo non sint quis
distinctio officia ea et maxime"
komentar,495,"pariatur occaecati ea autem at quis et dolorem similique
pariatur ipsa hic et saepe itaque cumque repellendus vel
et quibusdam qui aut nemo et illo
qui non quod officiis aspernatur qui optio"
komentar,496,"neque unde voluptatem iure
odio excepturi ipsam ad id
ipsa sed expedita error quam
voluptatem tempora necessitatibus suscipit culpa veniam porro iste vel"
komentar,497,"non dolor consequatur
laboriosam ut deserunt autem odit
libero dolore non nesciunt qui
aut est consequatur quo dolorem"
komentar,498,"aliquam pariatur suscipit fugiat eos sunt
optio voluptatem eveniet rerum dignissimos
quia aut beatae
modi consequatur qui rerum sint veritatis deserunt est"
komentar,499,"et necessitatibus tempora ipsum quaerat inventore est quasi quidem
ea repudiandae laborum omnis ab reprehenderit ut
ratione sit numquam culpa a rem
atque aut et"
komentar,500,"perspiciatis quis doloremque
veniam nisi eos velit sed
id totam inventore voluptatem laborum et eveniet
aut aut aut maxime quia temporibus ut omnis"
